{
  "scopeName": "source.uc",
  "patterns": [
    {
      "name": "comment.gray.uc",
      "match": "##.*$"
    },
    {
      "name": "punctuation.parenthesis.uc",
      "match": "[()\\[\\]]"
  	},
    {
      "name": "stringquoted.green.uc",
      "match": "\"(?:\\\\.|[^\"\\\\])*\""
    },
    {
      "name": "infoquoted.underlined.uc",
      "match": "'(?:\\\\'|[^'])*'"
    },
    {
      "name": "functionclassname.lightblue.uc",
      "match": "\\b[a-zA-Z_][a-zA-Z0-9_]*(?=\\[)"
    },
    { "name": "keyword.control.uc", "match": "\\b(function|class|base)\\b" },
    { "name": "keyword.lightblue.uc", "match": "\\b(if|else|repeat|open|closed|try|error)\\b" },
    { "name": "keyword.orange.uc", "match": "\\b(until|for|forever|library)\\b" },
    { "name": "keyword.lightorange.uc", "match": "\\b(int|double|boolean|string|void|Window|Display|property|const)\\b" },
    { "name": "actionmarker.purple.uc", "match": "@use|@at|@on|@override|@create|@sleep|@crash|@exit|@continue|@noWait|@cast|@recieve"},
    {
      "name": "numbers.lightgreen.uc",
      "match": "-?\\b\\d+(\\.\\d+)?\\b"
    }
  ]
}