{
  "name": "UC Highlighted dark",
  "type": "modern-dark",
  "colors": {},
  "tokenColors": [
    {
      "scope": "keyword.control.uc",
      "settings": {
        "foreground": "#4170a5"
      }
    },
    {
      "scope": "keyword.lightblue.uc",
      "settings": {
        "foreground": "#80b6c8"
      }
    },
    {
      "scope": "keyword.orange.uc",
      "settings": {
        "foreground": "#9b6137"
      }
    },
    {
      "scope": "keyword.lightorange.uc",
      "settings": {
        "foreground": "#a87b55"
      }
    },
    {
      "scope": "actionmarker.purple.uc",
      "settings": {
        "fontStyle": "italic",
        "foreground": "#9c5298"
      }
    },
    {
      "scope": "punctuation.parenthesis.uc",
      "settings": {
        "foreground": "#80b6c8"
      }
    },
    {
      "scope": "functionclassname.lightblue.uc",
      "settings": {
        "foreground": "#80b6c8"
      }
    },
    {
      "scope": "infoquoted.underlined.uc",
      "settings": {
        "fontStyle": "underline",
        "foreground": "#80b6c8"
      }
    },
    {
      "scope": "stringquoted.green.uc",
      "settings": {
        "foreground": "#599659"
      }
    },
    {
      "scope": "numbers.lightgreen.uc",
      "settings": {
        "foreground": "#a8eba8"
      }
    },
    {
      "scope": "comment.gray.uc",
      "settings": {
        "foreground": "#878787"
      }
    }
  ]
}